date,start_equity,end_equity,net_pnl,overnight_pnl,intraday_pnl,fees,retained_positions,close_cash,regime,strategy,turnover
2026-06-09,10000000.0,10284039.159266109,284039.15926610865,0.0,296523.55377297604,12484.394506866418,0,0.0,sideways,price,top5
2026-06-10,10284039.159266109,10250224.289970243,-33814.8692958653,-100104.86144892313,71295.5862885068,5005.594135449526,4,-2.3283064365386963e-10,sideways,price,top5
2026-06-11,10250224.289970243,10312229.345253088,62005.05528284423,-115918.28001666814,188217.2058138256,10293.870514311911,3,-2.3283064365386963e-10,sideways,price,top5
2026-06-12,10312229.345253088,10645940.122280093,333710.77702700347,182491.5007742159,156501.94027601538,5282.664023225894,4,0.0,sideways,price,top5
2026-06-15,10645940.122280093,10815026.213745344,169086.09146525152,227262.85009898615,-33608.271206033256,24568.487427700835,3,10815026.213745344,sideways,price,top5
2026-06-09,10000000.0,10284039.159266109,284039.15926610865,0.0,296523.55377297604,12484.394506866418,0,0.0,sideways,price,cost_aware
2026-06-10,10284039.159266109,10328800.42856586,44761.26929975115,-100104.86144892313,144866.13074867483,0.0,5,0.0,sideways,price,cost_aware
2026-06-11,10328800.42856586,10211641.69075184,-117158.73781402037,-119792.5553820543,2633.8175680343447,0.0,5,0.0,sideways,price,cost_aware
2026-06-12,10211641.69075184,10662637.305664726,450995.6149128862,257557.70599821585,193437.90891466948,0.0,5,0.0,sideways,price,cost_aware
2026-06-15,10662637.305664726,10913092.630152823,250455.3244880978,243503.4909153804,26080.459362145568,19128.62578942817,4,10913092.630152823,sideways,price,cost_aware
2026-06-09,10000000.0,10284039.159266109,284039.15926610865,0.0,296523.55377297604,12484.394506866418,0,0.0,sideways,presence,top5
2026-06-10,10284039.159266109,10250224.289970243,-33814.8692958653,-100104.86144892313,71295.5862885068,5005.594135449526,4,-2.3283064365386963e-10,sideways,presence,top5
2026-06-11,10250224.289970243,10277355.614949442,27131.324979199097,-115918.28001666814,148178.35483933226,5128.749843463376,4,0.0,sideways,presence,top5
2026-06-12,10277355.614949442,10582449.90532947,305094.29038002715,206596.98898505236,109023.35283863508,10526.051443661405,3,-9.313225746154783e-10,sideways,presence,top5
2026-06-15,10582449.90532947,10649224.576370938,66774.67104146816,238918.35834064332,-137194.87927081797,34948.80802835488,1,10649224.576370938,sideways,presence,top5
2026-06-09,10000000.0,10284039.159266109,284039.15926610865,0.0,296523.55377297604,12484.394506866418,0,0.0,sideways,presence,cost_aware
2026-06-10,10284039.159266109,10328800.42856586,44761.26929975115,-100104.86144892313,144866.13074867483,0.0,5,0.0,sideways,presence,cost_aware
2026-06-11,10328800.42856586,10211641.69075184,-117158.73781402037,-119792.5553820543,2633.8175680343447,0.0,5,0.0,sideways,presence,cost_aware
2026-06-12,10211641.69075184,10662637.305664726,450995.6149128862,257557.70599821585,193437.90891466948,0.0,5,0.0,sideways,presence,cost_aware
2026-06-15,10662637.305664726,10766470.118460834,103832.81279610842,243503.4909153804,-115239.28411551566,24431.394003756446,3,10766470.118460834,sideways,presence,cost_aware
2026-06-09,10000000.0,10069320.735600114,69320.73560011387,0.0,81805.13010698075,12484.394506866418,0,-2.3283064365386963e-10,sideways,event_fixed,top5
2026-06-10,10069320.735600114,10163239.529464949,93918.79386483504,-61747.67574539408,180654.1676373336,24987.69802710292,0,2.3283064365386963e-10,sideways,event_fixed,top5
2026-06-11,10163239.529464949,10074317.505166134,-88922.02429881506,-123919.32197157666,49830.70706183623,14833.409389075478,2,4.656612873077393e-10,sideways,event_fixed,top5
2026-06-12,10074317.505166134,10380944.308462996,306626.80329686217,223552.23336168192,93494.74256624676,10420.172631068988,3,0.0,sideways,event_fixed,top5
2026-06-15,10380944.308462996,10469449.862558298,88505.55409530178,181838.1172480639,-69791.02872486907,23541.534427892064,3,10469449.862558298,sideways,event_fixed,top5
2026-06-09,10000000.0,10069320.735600114,69320.73560011387,0.0,81805.13010698075,12484.394506866418,0,-2.3283064365386963e-10,sideways,event_fixed,cost_aware
2026-06-10,10069320.735600114,10178465.12136591,109144.38576579653,-61747.67574539408,180903.24213838563,10011.1806271944,3,4.656612873077393e-10,sideways,event_fixed,cost_aware
2026-06-11,10178465.12136591,10140097.755840238,-38367.36552567221,-114668.01976780592,81292.39720357394,4991.742961441338,4,2.3283064365386963e-10,sideways,event_fixed,cost_aware
2026-06-12,10140097.755840238,10461789.048520269,321691.2926800307,192892.21111962944,128799.08156039976,0.0,5,2.3283064365386963e-10,sideways,event_fixed,cost_aware
2026-06-15,10461789.048520269,10530301.657621631,68512.60910136439,150975.60643452965,-63999.1285104879,18463.868822679917,4,10530301.657621631,sideways,event_fixed,cost_aware
2026-06-09,10000000.0,10284039.159266109,284039.15926610865,0.0,296523.55377297604,12484.394506866418,0,0.0,sideways,event_gated,top5
2026-06-10,10284039.159266109,10250224.289970243,-33814.8692958653,-100104.86144892313,71295.5862885068,5005.594135449526,4,-2.3283064365386963e-10,sideways,event_gated,top5
2026-06-11,10250224.289970243,10312229.345253088,62005.05528284423,-115918.28001666814,188217.2058138256,10293.870514311911,3,-2.3283064365386963e-10,sideways,event_gated,top5
2026-06-12,10312229.345253088,10645940.122280093,333710.77702700347,182491.5007742159,156501.94027601538,5282.664023225894,4,0.0,sideways,event_gated,top5
2026-06-15,10645940.122280093,10815026.213745344,169086.09146525152,227262.85009898615,-33608.271206033256,24568.487427700835,3,10815026.213745344,sideways,event_gated,top5
2026-06-09,10000000.0,10284039.159266109,284039.15926610865,0.0,296523.55377297604,12484.394506866418,0,0.0,sideways,event_gated,cost_aware
2026-06-10,10284039.159266109,10328800.42856586,44761.26929975115,-100104.86144892313,144866.13074867483,0.0,5,0.0,sideways,event_gated,cost_aware
2026-06-11,10328800.42856586,10211641.69075184,-117158.73781402037,-119792.5553820543,2633.8175680343447,0.0,5,0.0,sideways,event_gated,cost_aware
2026-06-12,10211641.69075184,10662637.305664726,450995.6149128862,257557.70599821585,193437.90891466948,0.0,5,0.0,sideways,event_gated,cost_aware
2026-06-15,10662637.305664726,10913092.630152823,250455.3244880978,243503.4909153804,26080.459362145568,19128.62578942817,4,10913092.630152823,sideways,event_gated,cost_aware
2026-06-30,10000000.0,9766956.569365622,-233043.43063437752,0.0,-220559.0361275114,12484.39450686642,0,-2.3283064365386963e-10,down,price,top5
2026-07-01,9766956.569365622,9789201.576651536,22245.007285913453,145380.5610981714,-123135.5538122578,0.0,5,-2.3283064365386963e-10,down,price,top5
2026-07-02,9789201.576651536,10020341.10816574,231139.53151420504,-43995.53573434614,280058.54540276685,4923.47815421596,4,-2.3283064365386963e-10,down,price,top5
2026-07-03,10020341.10816574,10231565.34617776,211224.23801201957,76953.65133324265,144606.44367790467,10335.85699912668,3,0.0,down,price,top5
2026-07-06,10231565.34617776,10367352.559364604,135787.21318684332,120701.0471811872,25528.74494976824,10442.578944112767,3,2.3283064365386963e-10,down,price,top5
2026-07-07,10367352.559364604,10559535.045116909,192182.48575230315,-31308.14300682768,233952.6422994928,10462.0135403636,3,-2.3283064365386963e-10,down,price,top5
2026-07-08,10559535.045116909,10432794.059345365,-126740.98577154428,-16521.485227284953,-104952.63672470558,5266.863819554495,4,0.0,down,price,top5
2026-07-09,10432794.059345365,10287803.962688573,-144990.09665679,29840.268114876,-169580.79527931794,5249.569492348904,4,0.0,down,price,top5
2026-07-10,10287803.962688573,10443247.555747377,155443.59305880405,197886.2546058111,-36865.25996386526,5577.401583143022,4,0.0,down,price,top5
2026-07-13,10443247.555747377,10146167.79128948,-297079.7644578982,42008.48128740117,-326389.66277747886,12698.582967821623,5,10146167.79128948,down,price,top5
2026-06-30,10000000.0,9766956.569365622,-233043.43063437752,0.0,-220559.0361275114,12484.39450686642,0,-2.3283064365386963e-10,down,price,cost_aware
2026-07-01,9766956.569365622,9789201.576651536,22245.007285913453,145380.5610981714,-123135.5538122578,0.0,5,-2.3283064365386963e-10,down,price,cost_aware
2026-07-02,9789201.576651536,10032650.333337309,243448.7566857729,-43995.53573434614,287444.2924201189,0.0,5,-2.3283064365386963e-10,down,price,cost_aware
2026-07-03,10032650.333337309,10014753.40921364,-17896.924123669043,44035.04328830168,-61931.96741197064,0.0,5,-2.3283064365386963e-10,down,price,cost_aware
2026-07-06,10014753.40921364,10049726.4855193,34973.07630565949,48063.27054613456,-13090.19424047529,0.0,5,-2.3283064365386963e-10,down,price,cost_aware
2026-07-07,10049726.4855193,10124884.49734564,75158.01182634197,-23386.846643427387,98544.8584697706,0.0,5,-2.3283064365386963e-10,down,price,cost_aware
2026-07-08,10124884.49734564,9887060.826161431,-237823.67118420824,-68708.68621423282,-169114.98496997406,0.0,5,-2.3283064365386963e-10,down,price,cost_aware
2026-07-09,9887060.826161431,9815769.15169565,-71291.67446578294,-73606.19439439476,2314.51992861263,0.0,5,-2.3283064365386963e-10,down,price,cost_aware
2026-07-10,9815769.15169565,9784410.379520942,-31358.772174708545,45876.6159719415,-77235.38814664968,0.0,5,-2.3283064365386963e-10,down,price,cost_aware
2026-07-13,9784410.379520942,9706562.78006683,-77847.59945411235,2281.3181299138814,-67980.52862274168,12148.388961285144,5,9706562.78006683,down,price,cost_aware
2026-06-30,10000000.0,9737562.612233894,-262437.38776610605,0.0,-249952.99325924023,12484.394506866418,0,0.0,down,presence,top5
2026-07-01,9737562.612233894,9782692.48019226,45129.86795836501,165643.2786647342,-110656.7922816178,9856.618424751276,3,0.0,down,presence,top5
2026-07-02,9782692.48019226,9949547.601687027,166855.1214947682,-81975.28897236101,258639.5675388036,9809.15707167417,3,0.0,down,presence,top5
2026-07-03,9949547.601687027,10003072.85288671,53525.25119968317,93336.59564998,-30234.77931063296,9576.565139664684,3,0.0,down,presence,top5
2026-07-06,10003072.85288671,9975390.861776331,-27681.991110377014,7888.960235349834,-20465.981417713585,15104.96992801343,2,0.0,down,presence,top5
2026-07-07,9975390.861776331,10067474.694320302,92083.83254396915,-141222.86177137308,247810.2512248364,14503.556909493587,2,-2.3283064365386963e-10,down,presence,top5
2026-07-08,10067474.694320302,10012200.877432987,-55273.8168873135,-3322.2356343027204,-42229.7442970091,9721.83695600148,3,2.3283064365386963e-10,down,presence,top5
2026-07-09,10012200.877432987,9615149.213558331,-397051.6638746578,-39129.01024435274,-337741.5031167552,20181.15051354911,1,-2.3283064365386963e-10,down,presence,top5
2026-07-10,9615149.213558331,9797332.60304819,182183.3894898593,169866.43807197176,27093.113730171408,14776.1623122833,2,9.313225746154783e-10,down,presence,top5
2026-07-13,9797332.60304819,9750568.280809226,-46764.32223896496,57754.8903334178,-82465.73734894961,22053.475223435184,3,9750568.280809226,down,presence,top5
2026-06-30,10000000.0,9737562.612233894,-262437.38776610605,0.0,-249952.99325924023,12484.394506866418,0,0.0,down,presence,cost_aware
2026-07-01,9737562.612233894,9769350.177503014,31787.56526912004,165643.2786647342,-133855.7133956142,0.0,5,0.0,down,presence,cost_aware
2026-07-02,9769350.177503014,9908149.314519169,138799.13701615296,-88497.64872439764,232220.26389476692,4923.47815421596,4,0.0,down,presence,cost_aware
2026-07-03,9908149.314519169,9998893.35048359,90744.0359644238,91930.03308184816,-1185.9971174228683,0.0,5,0.0,down,presence,cost_aware
2026-07-06,9998893.35048359,10007613.844533456,8720.49404986389,29479.496478149667,-15823.57338997422,4935.429038311099,4,0.0,down,presence,cost_aware
2026-07-07,10007613.844533456,10082628.551223628,75014.7066901736,-60704.63654229976,135719.34323247304,0.0,5,0.0,down,presence,cost_aware
2026-07-08,10082628.551223628,9906544.759205583,-176083.79201804288,-76126.11435415596,-95569.14604609086,4388.531617796425,4,0.0,down,presence,cost_aware
2026-07-09,9906544.759205583,9722674.918026911,-183869.8411786724,27805.599406976253,-206642.4382503848,5033.002335262867,4,0.0,down,presence,cost_aware
2026-07-10,9722674.918026911,9849687.847966949,127012.9299400337,121308.7340664398,5704.195873594359,0.0,5,0.0,down,presence,cost_aware
2026-07-13,9849687.847966949,9802016.39127447,-47671.45669247583,31295.444940671325,-66699.04632491869,12267.855308228376,5,9802016.39127447,down,presence,cost_aware
2026-06-30,10000000.0,9899001.25678779,-100998.74321221,0.0,-88514.34870534313,12484.394506866418,0,-2.3283064365386963e-10,down,event_fixed,top5
2026-07-01,9899001.25678779,10008878.709653003,109877.45286521316,117550.95275246166,7446.43719912302,15119.93708637213,2,-4.656612873077393e-10,down,event_fixed,top5
2026-07-02,10008878.709653003,10332669.415927095,323790.7062740922,46646.05764138885,292168.4727567974,15023.8241240945,2,-6.984919309616089e-10,down,event_fixed,top5
2026-07-03,10332669.415927095,10307804.67227272,-24864.743654374037,20256.589937340468,-39849.33244562431,5272.001146089317,4,-4.656612873077393e-10,down,event_fixed,top5
2026-07-06,10307804.67227272,10351857.006814249,44052.33454152569,33906.32819090597,25503.795468560224,15357.789117939514,2,6.984919309616089e-10,down,event_fixed,top5
2026-07-07,10351857.006814249,10619766.600699063,267909.5938848164,-31203.05508991517,304245.6294753705,5132.980500640768,4,0.0,down,event_fixed,top5
2026-07-08,10619766.600699063,10568839.228644509,-50927.37205455452,-24673.96040931903,-10625.276741637128,15628.134903597993,2,0.0,down,event_fixed,top5
2026-07-09,10568839.228644509,10035577.857116286,-533261.3715282232,-62050.53636000492,-460639.31529011467,10571.519878105046,3,-4.656612873077393e-10,down,event_fixed,top5
2026-07-10,10035577.857116286,10209399.846844498,173821.98972821236,118798.94406586328,64929.45373394499,9906.408071595602,3,0.0,down,event_fixed,top5
2026-07-13,10209399.846844498,9977357.679316772,-232042.16752772592,30308.491822863,-229627.46873870533,32723.19061188245,1,9977357.679316772,down,event_fixed,top5
2026-06-30,10000000.0,9899001.25678779,-100998.74321221,0.0,-88514.34870534313,12484.394506866418,0,-2.3283064365386963e-10,down,event_fixed,cost_aware
2026-07-01,9899001.25678779,9867474.27584081,-31526.980946980417,117550.95275246166,-143920.81908801125,5157.114611430385,4,0.0,down,event_fixed,cost_aware
2026-07-02,9867474.27584081,10078609.13624485,211134.86040404064,-28553.753881353885,244612.0924396098,4923.47815421596,4,0.0,down,event_fixed,cost_aware
2026-07-03,10078609.13624485,10064880.274744475,-13728.86150037311,41881.35743627884,-50457.446268925385,5152.7726677258015,4,2.3283064365386963e-10,down,event_fixed,cost_aware
2026-07-06,10064880.274744475,10135909.430942811,71029.15619833581,33807.18646750599,42224.952801986525,5002.983071157556,4,-2.3283064365386963e-10,down,event_fixed,cost_aware
2026-07-07,10135909.430942811,10372704.485180205,236795.05423738997,-61351.18827015348,302858.7186598029,4712.47615225772,4,0.0,down,event_fixed,cost_aware
2026-07-08,10372704.485180205,10304336.840252498,-68367.6449277047,-31576.16471197456,-36791.48021573141,0.0,5,0.0,down,event_fixed,cost_aware
2026-07-09,10304336.840252498,9915535.766990054,-388801.07326244377,-41085.55271278136,-342280.04799528647,5435.4725543745935,4,0.0,down,event_fixed,cost_aware
2026-07-10,9915535.766990054,10032324.278741447,116788.51175139286,75792.47140029073,40996.04035110211,0.0,5,0.0,down,event_fixed,cost_aware
2026-07-13,10032324.278741447,10043286.089999022,10961.811257574707,35709.56563911773,-7594.742565953664,17153.011815588397,4,10043286.089999022,down,event_fixed,cost_aware
2026-06-30,10000000.0,9766956.569365622,-233043.43063437752,0.0,-220559.0361275114,12484.39450686642,0,-2.3283064365386963e-10,down,event_gated,top5
2026-07-01,9766956.569365622,9789201.576651536,22245.007285913453,145380.5610981714,-123135.5538122578,0.0,5,-2.3283064365386963e-10,down,event_gated,top5
2026-07-02,9789201.576651536,10020341.10816574,231139.53151420504,-43995.53573434614,280058.54540276685,4923.47815421596,4,-2.3283064365386963e-10,down,event_gated,top5
2026-07-03,10020341.10816574,10231565.34617776,211224.23801201957,76953.65133324265,144606.44367790467,10335.85699912668,3,0.0,down,event_gated,top5
2026-07-06,10231565.34617776,10367352.559364604,135787.21318684332,120701.0471811872,25528.74494976824,10442.578944112767,3,2.3283064365386963e-10,down,event_gated,top5
2026-07-07,10367352.559364604,10559535.045116909,192182.48575230315,-31308.14300682768,233952.6422994928,10462.0135403636,3,-2.3283064365386963e-10,down,event_gated,top5
2026-07-08,10559535.045116909,10432794.059345365,-126740.98577154428,-16521.485227284953,-104952.63672470558,5266.863819554495,4,0.0,down,event_gated,top5
2026-07-09,10432794.059345365,10287803.962688573,-144990.09665679,29840.268114876,-169580.79527931794,5249.569492348904,4,0.0,down,event_gated,top5
2026-07-10,10287803.962688573,10443247.555747377,155443.59305880405,197886.2546058111,-36865.25996386526,5577.401583143022,4,0.0,down,event_gated,top5
2026-07-13,10443247.555747377,10146167.79128948,-297079.7644578982,42008.48128740117,-326389.66277747886,12698.582967821623,5,10146167.79128948,down,event_gated,top5
2026-06-30,10000000.0,9766956.569365622,-233043.43063437752,0.0,-220559.0361275114,12484.39450686642,0,-2.3283064365386963e-10,down,event_gated,cost_aware
2026-07-01,9766956.569365622,9789201.576651536,22245.007285913453,145380.5610981714,-123135.5538122578,0.0,5,-2.3283064365386963e-10,down,event_gated,cost_aware
2026-07-02,9789201.576651536,10032650.333337309,243448.7566857729,-43995.53573434614,287444.2924201189,0.0,5,-2.3283064365386963e-10,down,event_gated,cost_aware
2026-07-03,10032650.333337309,10014753.40921364,-17896.924123669043,44035.04328830168,-61931.96741197064,0.0,5,-2.3283064365386963e-10,down,event_gated,cost_aware
2026-07-06,10014753.40921364,10049726.4855193,34973.07630565949,48063.27054613456,-13090.19424047529,0.0,5,-2.3283064365386963e-10,down,event_gated,cost_aware
2026-07-07,10049726.4855193,10124884.49734564,75158.01182634197,-23386.846643427387,98544.8584697706,0.0,5,-2.3283064365386963e-10,down,event_gated,cost_aware
2026-07-08,10124884.49734564,9887060.826161431,-237823.67118420824,-68708.68621423282,-169114.98496997406,0.0,5,-2.3283064365386963e-10,down,event_gated,cost_aware
2026-07-09,9887060.826161431,9815769.15169565,-71291.67446578294,-73606.19439439476,2314.51992861263,0.0,5,-2.3283064365386963e-10,down,event_gated,cost_aware
2026-07-10,9815769.15169565,9784410.379520942,-31358.772174708545,45876.6159719415,-77235.38814664968,0.0,5,-2.3283064365386963e-10,down,event_gated,cost_aware
2026-07-13,9784410.379520942,9706562.78006683,-77847.59945411235,2281.3181299138814,-67980.52862274168,12148.388961285144,5,9706562.78006683,down,event_gated,cost_aware
2026-07-29,10000000.0,9699491.46656531,-300508.5334346909,0.0,-288024.13892782445,12484.394506866418,0,-4.656612873077393e-10,up,price,top5
2026-07-30,9699491.46656531,9941496.433010124,242004.96644481455,-145682.60862567648,392721.59233118047,5034.017260687836,4,0.0,up,price,top5
2026-07-31,9941496.433010124,10359453.499016397,417957.0660062712,247477.44418170303,175945.0989594725,5465.477134903507,4,0.0,up,price,top5
2026-08-03,10359453.499016397,10335745.308823217,-23708.19019317813,-169711.71857757494,151108.57810745496,5105.049723058054,4,0.0,up,price,top5
2026-08-04,10335745.308823217,10929243.03970903,593497.730885813,-58895.7112729568,662605.1822196455,10211.740060876313,3,4.656612873077393e-10,up,price,top5
2026-08-05,10929243.03970903,10974238.700807933,44995.661098903045,-73703.28955611587,129467.05509297716,10768.10443795852,3,4.656612873077393e-10,up,price,top5
2026-08-06,10974238.700807933,11527356.702659862,553118.0018519294,-16578.90004444495,569696.9018963743,0.0,5,4.656612873077393e-10,up,price,top5
2026-08-07,11527356.702659862,11779606.289343769,252249.58668390475,-112232.38929962926,370047.4502894873,5565.4743059547945,4,0.0,up,price,top5
2026-08-10,11779606.289343769,11841017.166709725,61410.877365957946,-62191.23939791322,129316.22181726537,5714.105053395024,4,0.0,up,price,top5
2026-08-11,11841017.166709725,11947328.553034363,106311.3863246385,23501.35822435096,103435.4672616021,20625.439161313567,4,11947328.553034363,up,price,top5
2026-07-29,10000000.0,9699491.46656531,-300508.5334346909,0.0,-288024.13892782445,12484.394506866418,0,-4.656612873077393e-10,up,price,cost_aware
2026-07-30,9699491.46656531,9997172.794507274,297681.3279419653,-145682.60862567648,443363.93656764337,0.0,5,-4.656612873077393e-10,up,price,cost_aware
2026-07-31,9997172.794507274,10226930.25819268,229757.4636854064,96870.16879891977,132887.2948864865,0.0,5,-4.656612873077393e-10,up,price,cost_aware
2026-08-03,10226930.25819268,10247818.03744118,20887.779248500243,-202532.9746422246,223420.75389072575,0.0,5,-4.656612873077393e-10,up,price,cost_aware
2026-08-04,10247818.03744118,10636776.27085948,388958.2334182989,-108296.14418863691,497254.3776069353,0.0,5,-4.656612873077393e-10,up,price,cost_aware
2026-08-05,10636776.27085948,10937448.116807925,300671.8459484428,2027.779814388603,298644.0661340535,0.0,5,-4.656612873077393e-10,up,price,cost_aware
2026-08-06,10937448.116807925,11316570.12111998,379122.00431205705,-12120.23205449246,391242.2363665512,0.0,5,-4.656612873077393e-10,up,price,cost_aware
2026-08-07,11316570.12111998,11472269.668291604,155699.54717162438,-80295.43660516106,235994.98377678447,0.0,5,-4.656612873077393e-10,up,price,cost_aware
2026-08-10,11472269.668291604,11643188.477574505,170918.8092828989,45749.85781548359,131502.66480975793,6333.713342340944,4,0.0,up,price,cost_aware
2026-08-11,11643188.477574505,11697288.85758632,54100.38001181558,-13313.098834954202,82053.38980745392,14639.910960683752,5,11697288.85758632,up,price,cost_aware
2026-07-29,10000000.0,9589904.166163567,-410095.83383643255,0.0,-397611.4393295663,12484.394506866418,0,-2.3283064365386963e-10,up,presence,top5
2026-07-30,9589904.166163567,9869440.537430637,279536.37126706727,-234779.04086876477,523760.9316126135,9445.519476780357,3,-2.3283064365386963e-10,up,presence,top5
2026-07-31,9869440.537430637,10030599.3278887,161158.7904580664,58618.82489518635,112473.9916470907,9934.026084209025,3,0.0,up,presence,top5
2026-08-03,10030599.3278887,9953588.42260323,-77010.90528547019,-242841.67607917823,175493.9888755736,9663.218081865069,3,0.0,up,presence,top5
2026-08-04,9953588.42260323,10100754.25299982,147165.8303965889,-85601.4519885499,247696.54295084864,14929.260565710869,2,-2.3283064365386963e-10,up,presence,top5
2026-08-05,10100754.25299982,10127911.55174665,27157.29874682985,-51431.75866923668,88434.99954585782,9845.9421297912,3,-2.3283064365386963e-10,up,presence,top5
2026-08-06,10127911.55174665,10583319.34641854,455407.7946718894,-7427.874150134623,472958.7879853529,10123.119163327734,3,0.0,up,presence,top5
2026-08-07,10583319.34641854,10699390.237856202,116070.89143766277,-112744.43495230004,239149.98961424176,10334.66322428072,3,-2.3283064365386963e-10,up,presence,top5
2026-08-10,10699390.237856202,10750487.225484869,51096.98762866482,-40936.18613728881,102420.77393952609,10387.600173570794,3,0.0,up,presence,top5
2026-08-11,10750487.225484869,10765913.97149818,15426.746013313532,15182.926574103534,18869.561031583144,18625.74159237504,4,10765913.97149818,up,presence,top5
2026-07-29,10000000.0,9589904.166163567,-410095.83383643255,0.0,-397611.4393295663,12484.394506866418,0,-2.3283064365386963e-10,up,presence,cost_aware
2026-07-30,9589904.166163567,9817737.543371951,227833.3772083856,-234779.04086876477,462612.4180771504,0.0,5,-2.3283064365386963e-10,up,presence,cost_aware
2026-07-31,9817737.543371951,10070447.5728288,252710.02945684828,203814.28062437105,48895.74883247812,0.0,5,-2.3283064365386963e-10,up,presence,cost_aware
2026-08-03,10070447.5728288,10126975.187708378,56527.61487957649,-159998.1213449668,221428.62286233943,4902.886637796652,4,-2.3283064365386963e-10,up,presence,cost_aware
2026-08-04,10126975.187708378,10683102.010980597,556126.8232722189,-89441.37244031951,650541.0499245713,4972.854212032272,4,0.0,up,presence,cost_aware
2026-08-05,10683102.010980597,10916133.971447084,233031.96046648733,-71409.34894615784,304441.30941264564,0.0,5,0.0,up,presence,cost_aware
2026-08-06,10916133.971447084,11274420.887158869,358286.9157117829,-59624.175583817065,417911.09129559895,0.0,5,0.0,up,presence,cost_aware
2026-08-07,11274420.887158869,11760387.508957528,485966.6217986606,-86580.10039933212,572546.722197993,0.0,5,0.0,up,presence,cost_aware
2026-08-10,11760387.508957528,12222429.859525863,462042.3505683355,166467.6045737248,301908.45933695126,6333.713342340945,4,0.0,up,presence,cost_aware
2026-08-11,12222429.859525863,12245712.968193812,23283.10866794921,-22212.939335145056,67188.07764193848,21692.0296388453,4,12245712.968193812,up,presence,cost_aware
2026-07-29,10000000.0,9649033.7670532,-350966.23294680007,0.0,-338481.8384399345,12484.394506866418,0,-2.3283064365386963e-10,up,event_fixed,top5
2026-07-30,9649033.7670532,9901036.789170727,252003.02211752904,-129829.14480768704,391592.3041773996,9760.13725218354,3,0.0,up,event_fixed,top5
2026-07-31,9901036.789170727,10245086.48526974,344049.6960990112,243660.99547361024,115782.83375628004,15394.133130879572,2,-4.656612873077393e-10,up,event_fixed,top5
2026-08-03,10245086.48526974,10157014.359643543,-88072.12562619708,-248988.32784137875,176044.8358957745,15128.633680592018,2,-4.656612873077393e-10,up,event_fixed,top5
2026-08-04,10157014.359643543,10568433.031412795,411418.6717692521,-95297.64331123048,521935.5659686863,15219.250888203724,2,-2.3283064365386963e-10,up,event_fixed,top5
2026-08-05,10568433.031412795,10573292.854744911,4859.823332116008,-80186.298696829,100821.1651401733,15775.043111227593,2,-9.313225746154783e-10,up,event_fixed,top5
2026-08-06,10573292.854744911,11151195.786418334,577902.9316734225,7365.708948068321,581216.7870967968,10679.564371445656,3,0.0,up,event_fixed,top5
2026-08-07,11151195.786418334,11324275.238063604,173079.45164527,-123012.52182459644,307419.98480969,11328.011339823324,3,4.656612873077393e-10,up,event_fixed,top5
2026-08-10,11324275.238063604,11412145.119045526,87869.88098192215,-50076.33071741462,149135.63893483786,11189.42723550055,3,0.0,up,event_fixed,top5
2026-08-11,11412145.119045526,11480768.782987855,68623.66394232959,-12752.377108855171,112834.86079377096,31458.819742586813,2,11480768.782987855,up,event_fixed,top5
2026-07-29,10000000.0,9649033.7670532,-350966.23294680007,0.0,-338481.8384399345,12484.394506866418,0,-2.3283064365386963e-10,up,event_fixed,cost_aware
2026-07-30,9649033.7670532,9798020.873614175,148987.1065609753,-129829.14480768704,278816.25136866287,0.0,5,-2.3283064365386963e-10,up,event_fixed,cost_aware
2026-07-31,9798020.873614175,10037915.593579177,239894.7199650016,117981.82943799531,126912.57861672172,4999.688089714294,4,0.0,up,event_fixed,cost_aware
2026-08-03,10037915.593579177,9924727.393099423,-113188.20047975144,-272278.2703225464,173643.2707289506,14553.200886155735,2,6.984919309616089e-10,up,event_fixed,cost_aware
2026-08-04,9924727.393099423,10237776.381810656,313048.98871123046,-92632.03388092668,405681.0225921569,0.0,5,6.984919309616089e-10,up,event_fixed,cost_aware
2026-08-05,10237776.381810656,10411865.358507227,174088.9766965732,-33385.576216517016,212442.3899120476,4967.836998957413,4,0.0,up,event_fixed,cost_aware
2026-08-06,10411865.358507227,10705815.924341273,293950.56583404355,3430.0137213189155,296434.96039058926,5914.408277865411,4,0.0,up,event_fixed,cost_aware
2026-08-07,10705815.924341273,10691264.382359024,-14551.541982248424,-140867.68043857254,132494.50235640834,6178.363900084773,4,-4.656612873077393e-10,up,event_fixed,cost_aware
2026-08-10,10691264.382359024,10648151.9456603,-43112.436698723584,-79761.77353896014,47826.913265057054,11177.57642482096,3,0.0,up,event_fixed,cost_aware
2026-08-11,10648151.9456603,10805816.726934018,157664.78127371706,-2004.4541474543512,183776.5140792273,24107.278658054383,3,10805816.726934018,up,event_fixed,cost_aware
2026-07-29,10000000.0,9699491.46656531,-300508.5334346909,0.0,-288024.13892782445,12484.394506866418,0,-4.656612873077393e-10,up,event_gated,top5
2026-07-30,9699491.46656531,9941496.433010124,242004.96644481455,-145682.60862567648,392721.59233118047,5034.017260687836,4,0.0,up,event_gated,top5
2026-07-31,9941496.433010124,10359453.499016397,417957.0660062712,247477.44418170303,175945.0989594725,5465.477134903507,4,0.0,up,event_gated,top5
2026-08-03,10359453.499016397,10335745.308823217,-23708.19019317813,-169711.71857757494,151108.57810745496,5105.049723058054,4,0.0,up,event_gated,top5
2026-08-04,10335745.308823217,10929243.03970903,593497.730885813,-58895.7112729568,662605.1822196455,10211.740060876313,3,4.656612873077393e-10,up,event_gated,top5
2026-08-05,10929243.03970903,10974238.700807933,44995.661098903045,-73703.28955611587,129467.05509297716,10768.10443795852,3,4.656612873077393e-10,up,event_gated,top5
2026-08-06,10974238.700807933,11527356.702659862,553118.0018519294,-16578.90004444495,569696.9018963743,0.0,5,4.656612873077393e-10,up,event_gated,top5
2026-08-07,11527356.702659862,11779606.289343769,252249.58668390475,-112232.38929962926,370047.4502894873,5565.4743059547945,4,0.0,up,event_gated,top5
2026-08-10,11779606.289343769,11841017.166709725,61410.877365957946,-62191.23939791322,129316.22181726537,5714.105053395024,4,0.0,up,event_gated,top5
2026-08-11,11841017.166709725,11947328.553034363,106311.3863246385,23501.35822435096,103435.4672616021,20625.439161313567,4,11947328.553034363,up,event_gated,top5
2026-07-29,10000000.0,9699491.46656531,-300508.5334346909,0.0,-288024.13892782445,12484.394506866418,0,-4.656612873077393e-10,up,event_gated,cost_aware
2026-07-30,9699491.46656531,9997172.794507274,297681.3279419653,-145682.60862567648,443363.93656764337,0.0,5,-4.656612873077393e-10,up,event_gated,cost_aware
2026-07-31,9997172.794507274,10226930.25819268,229757.4636854064,96870.16879891977,132887.2948864865,0.0,5,-4.656612873077393e-10,up,event_gated,cost_aware
2026-08-03,10226930.25819268,10247818.03744118,20887.779248500243,-202532.9746422246,223420.75389072575,0.0,5,-4.656612873077393e-10,up,event_gated,cost_aware
2026-08-04,10247818.03744118,10636776.27085948,388958.2334182989,-108296.14418863691,497254.3776069353,0.0,5,-4.656612873077393e-10,up,event_gated,cost_aware
2026-08-05,10636776.27085948,10937448.116807925,300671.8459484428,2027.779814388603,298644.0661340535,0.0,5,-4.656612873077393e-10,up,event_gated,cost_aware
2026-08-06,10937448.116807925,11316570.12111998,379122.00431205705,-12120.23205449246,391242.2363665512,0.0,5,-4.656612873077393e-10,up,event_gated,cost_aware
2026-08-07,11316570.12111998,11472269.668291604,155699.54717162438,-80295.43660516106,235994.98377678447,0.0,5,-4.656612873077393e-10,up,event_gated,cost_aware
2026-08-10,11472269.668291604,11643188.477574505,170918.8092828989,45749.85781548359,131502.66480975793,6333.713342340944,4,0.0,up,event_gated,cost_aware
2026-08-11,11643188.477574505,11697288.85758632,54100.38001181558,-13313.098834954202,82053.38980745392,14639.910960683752,5,11697288.85758632,up,event_gated,cost_aware
