initial_capital,final_equity,net_profit,net_return,mdd,total_fees,buy_orders,sell_orders,overnight_pnl,intraday_pnl,days,independent_ledger_max_error,regime,strategy,turnover,first_session,last_session,mean_rank_ic,direction_accuracy,selected_news_stock_days,sharpe_annualized,orders
10000000,10815026.213745344,815026.2137453426,0.0815026213745342,-0.0032880922342071,57635.010607554585,11,11,193731.2094076108,678930.0149452904,5,0.0,sideways,price,top5,2026-06-09,2026-06-15,0.0943712960128998,0.582,10,16.87783135997891,22
10000000,10913092.630152823,913092.6301528234,0.0913092630152823,-0.0113429181466223,31613.020296294584,6,6,281163.7800826188,663541.8703665002,5,0.0,sideways,price,cost_aware,2026-06-09,2026-06-15,0.0943712960128998,0.582,9,13.078307774609373,12
10000000,10649224.576370938,649224.5763709377,0.0649224576370937,-0.0032880922342071,68093.5979577956,13,13,229492.2058601044,487825.9684686322,5,0.0,sideways,presence,top5,2026-06-09,2026-06-15,0.0981197613156886,0.584,5,13.256909533441616,26
10000000,10766470.118460834,766470.118460834,0.0766470118460833,-0.0113429181466223,36915.788510622864,7,7,281163.7800826188,522222.1268888391,5,0.0,sideways,presence,cost_aware,2026-06-09,2026-06-15,0.0981197613156886,0.584,7,11.073428408327764,14
10000000,10469449.862558298,469449.8625582978,0.0469449862558297,-0.0087493779951771,86267.20898200586,17,17,219723.3528927751,335993.71864752827,5,0.0,sideways,event_fixed,top5,2026-06-09,2026-06-15,0.0876314037909404,0.58,11,10.574443759763811,34
10000000,10530301.657621631,530301.6576216333,0.0530301657621632,-0.003769464754085,45951.18691818207,9,9,167452.12204095908,408800.7224988522,5,0.0,sideways,event_fixed,cost_aware,2026-06-09,2026-06-15,0.0876314037909404,0.58,11,12.705454971760028,18
10000000,10815026.213745344,815026.2137453426,0.0815026213745342,-0.0032880922342071,57635.010607554585,11,11,193731.2094076108,678930.0149452904,5,0.0,sideways,event_gated,top5,2026-06-09,2026-06-15,0.0943712960128998,0.582,10,16.87783135997891,22
10000000,10913092.630152823,913092.6301528234,0.0913092630152823,-0.0113429181466223,31613.020296294584,6,6,281163.7800826188,663541.8703665002,5,0.0,sideways,event_gated,cost_aware,2026-06-09,2026-06-15,0.0943712960128998,0.582,9,13.078307774609373,12
10000000,10146167.79128948,146167.79128947854,0.0146167791289477,-0.0391463499160963,77440.74000755347,15,15,520945.09965223074,-297336.5683552043,10,0.0,down,price,top5,2026-06-30,2026-07-13,0.1587213037681469,0.567,17,1.3224659690684908,30
10000000,9706562.78006683,-293437.2199331708,-0.029343721993317,-0.0413161964848567,24632.783468151563,5,5,75939.54604806192,-344743.98251307843,10,0.0,down,price,cost_aware,2026-06-30,2026-07-13,0.1587213037681469,0.567,12,-3.2066154958115547,10
10000000,9750568.280809226,-249431.7191907745,-0.0249431719190774,-0.0449293884013591,138067.88698573262,28,28,228840.7663330641,-340204.59853810706,10,0.0,down,presence,top5,2026-06-30,2026-07-13,0.1506832741407358,0.564,14,-2.041701699072477,56
10000000,9802016.39127447,-197983.6087255292,-0.0197983608725529,-0.0357003762826342,44032.690960681146,9,9,242134.1870179661,-396085.10478281154,10,0.0,down,presence,cost_aware,2026-06-30,2026-07-13,0.1506832741407358,0.564,9,-2.109194006301889,18
10000000,9977357.679316772,-22642.32068322785,-0.0022642320683228,-0.0604918116882158,137220.17994718373,27,27,249539.8125515841,-134961.95328762842,10,0.0,down,event_fixed,top5,2026-06-30,2026-07-13,0.148223585210047,0.5645,32,0.0285606687699122,54
10000000,10043286.089999022,43286.08999902196,0.0043286089999021,-0.0440742063791868,60021.703533616834,12,12,142174.87411939166,-38867.08058674993,10,0.0,down,event_fixed,cost_aware,2026-06-30,2026-07-13,0.148223585210047,0.5645,25,0.5172266350403822,24
10000000,10146167.79128948,146167.79128947854,0.0146167791289477,-0.0391463499160963,77440.74000755347,15,15,520945.09965223074,-297336.5683552043,10,0.0,down,event_gated,top5,2026-06-30,2026-07-13,0.1587213037681469,0.567,17,1.3224659690684908,30
10000000,9706562.78006683,-293437.2199331708,-0.029343721993317,-0.0413161964848567,24632.783468151563,5,5,75939.54604806192,-344743.98251307843,10,0.0,down,event_gated,cost_aware,2026-06-30,2026-07-13,0.1587213037681469,0.567,12,-3.2066154958115547,10
10000000,11947328.553034363,1947328.5530343635,0.1947328553034364,-0.0300508533434691,80973.80164501403,15,15,-368017.0543682575,2396319.4090476357,10,0.0,up,price,top5,2026-07-29,2026-08-11,-0.0014510059981796,0.4447791164658634,13,10.871728784755394,30
10000000,11697288.85758632,1697288.8575863186,0.1697288857586318,-0.0300508533434691,33458.01880989112,6,6,-417592.68852235377,2148339.5649185674,10,0.0,up,price,cost_aware,2026-07-29,2026-08-11,-0.0014510059981796,0.4447791164658634,15,12.52205844986,12
10000000,10765913.97149818,765913.9714981802,0.076591397149818,-0.0410095833836432,115773.48499877722,23,23,-701960.6713761631,1583648.127873122,10,0.0,up,presence,top5,2026-07-29,2026-08-11,-0.007270456660869,0.4442771084337349,36,5.327036241406023,46
10000000,12245712.968193812,2245712.9681938123,0.2245712968193811,-0.0410095833836432,50385.87833788159,9,9,-353763.21372040734,2649862.0602521,10,0.0,up,presence,cost_aware,2026-07-29,2026-08-11,-0.007270456660869,0.4442771084337349,18,12.199364380255128,18
10000000,11480768.782987855,1480768.7829878554,0.1480768782987855,-0.0350966232946799,148417.41525930923,28,28,-489115.9398863129,2118302.1381334746,10,0.0,up,event_fixed,top5,2026-07-29,2026-08-11,-0.0124880591949575,0.4397590361445783,25,8.634365798638008,56
10000000,10805816.726934018,805816.7269340176,0.0805816726934016,-0.0350966232946799,84382.7477425194,16,16,-629347.0901933499,1519546.5648698872,10,0.0,up,event_fixed,cost_aware,2026-07-29,2026-08-11,-0.0124880591949575,0.4397590361445783,21,6.097507734516979,32
10000000,11947328.553034363,1947328.5530343635,0.1947328553034364,-0.0300508533434691,80973.80164501403,15,15,-368017.0543682575,2396319.4090476357,10,0.0,up,event_gated,top5,2026-07-29,2026-08-11,-0.0014510059981796,0.4447791164658634,13,10.871728784755394,30
10000000,11697288.85758632,1697288.8575863186,0.1697288857586318,-0.0300508533434691,33458.01880989112,6,6,-417592.68852235377,2148339.5649185674,10,0.0,up,event_gated,cost_aware,2026-07-29,2026-08-11,-0.0014510059981796,0.4447791164658634,15,12.52205844986,12
