entry_date,regime
2026-06-01,sideways
2026-06-02,sideways
2026-06-04,sideways
2026-06-05,sideways
2026-06-08,sideways
2026-06-09,sideways
2026-06-10,sideways
2026-06-11,sideways
2026-06-12,sideways
2026-06-15,sideways
2026-06-30,down
2026-07-01,down
2026-07-02,down
2026-07-03,down
2026-07-06,down
2026-07-07,down
2026-07-08,down
2026-07-09,down
2026-07-10,down
2026-07-13,down
2026-07-29,up
2026-07-30,up
2026-07-31,up
2026-08-03,up
2026-08-04,up
2026-08-05,up
2026-08-06,up
2026-08-07,up
2026-08-10,up
2026-08-11,up
